{"hotfix-disable-websockets-over-h2-65-1523978":{"name":"hotfix-disable-websockets-over-h2-65-1523978","branch":"disabled","expired":false,"lastSeen":"2019-02-05T12:42:00.604Z","preferenceName":"network.http.spdy.websockets","preferenceValue":false,"preferenceType":"boolean","previousPreferenceValue":null,"preferenceBranchType":"default","experimentType":"exp"},"prefflip-push-performance-1491171":{"name":"prefflip-push-performance-1491171","branch":"enabled","expired":false,"lastSeen":"2019-02-05T12:42:00.742Z","preferenceName":"dom.push.alwaysConnect","preferenceValue":true,"preferenceType":"boolean","previousPreferenceValue":false,"preferenceBranchType":"default","experimentType":"exp"}}